Date,Product,Region,Units_Sold,Revenue,Profit
2024-01-01,Veneer Sheet,North,24,38499,10311
2024-01-01,Particle Board,North,48,67373,15731
2024-01-02,MDF Board,East,33,59706,13138
2024-01-02,MDF Board,South,11,19902,5306
2024-01-03,Laminate Classic,West,30,45348,11522
2024-01-03,Laminate Classic,South,53,80115,14642
2024-01-04,MDF Board,East,51,92747,17213
2024-01-04,Veneer Sheet,West,24,38796,9106
2024-01-05,MDF Board,West,12,21878,6195
2024-01-05,Particle Board,North,48,68066,12360
2024-01-06,Plywood Premium,West,23,51382,14233
2024-01-06,Plywood Premium,South,11,24574,6441
2024-01-07,Veneer Sheet,East,53,86329,20668
2024-01-07,MDF Board,South,26,47643,10055
2024-01-08,Veneer Sheet,South,15,24494,5020
2024-01-08,Veneer Sheet,South,38,62051,18388
2024-01-09,Laminate Classic,West,43,65992,15007
2024-01-09,Veneer Sheet,South,40,65481,19030
2024-01-10,Veneer Sheet,North,49,80414,22624
2024-01-10,Particle Board,South,56,80414,22471
2024-01-11,Laminate Classic,North,54,83286,16399
2024-01-11,Particle Board,North,34,48943,14605
2024-01-12,Plywood Premium,West,17,38550,6964
2024-01-12,MDF Board,East,26,48239,12800
2024-01-13,MDF Board,North,14,26038,7581
2024-01-13,Laminate Classic,North,37,57347,16262
2024-01-14,Veneer Sheet,South,42,69605,13059
2024-01-14,Particle Board,East,53,76856,19714
2024-01-15,MDF Board,East,10,18689,4222
2024-01-15,MDF Board,North,14,26165,6471
2024-01-16,MDF Board,North,24,44962,10399
2024-01-16,Laminate Classic,West,22,34346,7013
2024-01-17,Plywood Premium,West,41,94103,24792
2024-01-17,Particle Board,East,48,70107,16071
2024-01-18,MDF Board,North,45,84704,24830
2024-01-18,MDF Board,East,31,58352,16668
2024-01-19,Laminate Classic,North,15,23584,5537
2024-01-19,Veneer Sheet,West,29,48636,13963
2024-01-20,MDF Board,West,37,69971,15586
2024-01-20,Plywood Premium,North,36,83209,19242
2024-01-21,Veneer Sheet,North,50,84244,18245
2024-01-21,MDF Board,North,46,87192,22939
2024-01-22,Laminate Classic,West,33,52245,15315
2024-01-22,Plywood Premium,West,58,134676,25290
2024-01-23,Laminate Classic,West,21,33322,7004
2024-01-23,Laminate Classic,East,58,92032,18201
2024-01-24,Plywood Premium,East,58,135284,40205
2024-01-24,Veneer Sheet,South,32,54283,11586
2024-01-25,Plywood Premium,North,28,65454,17128
2024-01-25,Particle Board,West,35,52066,15530
2024-01-26,Veneer Sheet,East,20,34077,7645
2024-01-26,Plywood Premium,East,47,110112,24679
2024-01-27,Veneer Sheet,South,15,25613,5836
2024-01-27,Plywood Premium,North,15,35218,9279
2024-01-28,MDF Board,West,45,86632,15766
2024-01-28,MDF Board,East,28,53904,11958
2024-01-29,Veneer Sheet,North,42,72025,16400
2024-01-29,Laminate Classic,West,10,16077,4197
2024-01-30,Plywood Premium,North,59,139413,40564
2024-01-30,Laminate Classic,East,16,25777,6681
2024-01-31,Laminate Classic,West,58,93638,19572
2024-01-31,Veneer Sheet,North,46,79215,22648
2024-02-01,Plywood Premium,North,44,104399,27565
2024-02-01,MDF Board,West,33,64063,14641
2024-02-02,Plywood Premium,West,20,47550,13897
2024-02-02,Veneer Sheet,South,49,84726,21416
2024-02-03,MDF Board,West,34,66271,17205
2024-02-03,Particle Board,South,55,83380,20498
2024-02-04,MDF Board,West,50,97650,19638
2024-02-04,Veneer Sheet,North,23,39928,8746
2024-02-05,Veneer Sheet,West,17,29569,8335
2024-02-05,Plywood Premium,West,42,100449,24620
2024-02-06,MDF Board,East,31,60777,12874
2024-02-06,Particle Board,East,17,25923,6629
2024-02-07,Laminate Classic,North,39,63839,16432
2024-02-07,Plywood Premium,North,57,136845,29242
2024-02-08,MDF Board,West,58,114141,21142
2024-02-08,Veneer Sheet,West,39,68222,20089
2024-02-09,Particle Board,South,44,67471,18198
2024-02-09,Particle Board,West,38,58270,13482
2024-02-10,Particle Board,East,44,67593,20118
2024-02-10,Veneer Sheet,East,30,52670,10687
2024-02-11,Plywood Premium,West,12,29020,5813
2024-02-11,Plywood Premium,South,40,96733,27211
2024-02-12,MDF Board,West,55,109015,20893
2024-02-12,Laminate Classic,East,36,59462,12810
2024-02-13,Laminate Classic,North,49,81074,21374
2024-02-13,MDF Board,South,57,113173,27878
2024-02-14,Laminate Classic,East,35,58008,16080
2024-02-14,Plywood Premium,West,22,53478,10149
2024-02-15,Plywood Premium,West,54,131481,26731
2024-02-15,Veneer Sheet,East,32,56665,10387
2024-02-16,Laminate Classic,South,41,68175,17002
2024-02-16,MDF Board,North,31,61856,15519
2024-02-17,Plywood Premium,West,51,124577,34721
2024-02-17,MDF Board,West,46,91933,22309
2024-02-18,Particle Board,West,53,82513,24409
2024-02-18,Veneer Sheet,South,54,96080,19535
2024-02-19,MDF Board,East,49,98232,26240
2024-02-19,Particle Board,South,51,79521,17395
2024-02-20,Plywood Premium,West,28,68709,15986
2024-02-20,Laminate Classic,North,35,58559,17305
2024-02-21,Plywood Premium,West,10,24574,4934
2024-02-21,Plywood Premium,East,43,105672,22061
2024-02-22,Plywood Premium,West,54,132894,28385
2024-02-22,Particle Board,East,14,21925,5555
2024-02-23,MDF Board,West,35,70572,15717
2024-02-23,Particle Board,South,38,59594,11556
2024-02-24,Particle Board,East,58,91084,19798
2024-02-24,Veneer Sheet,North,21,37690,6861
2024-02-25,Laminate Classic,West,30,50544,11969
2024-02-25,Plywood Premium,South,39,96372,24861
2024-02-26,Laminate Classic,South,14,23618,6764
2024-02-26,Veneer Sheet,East,19,34190,8721
2024-02-27,Laminate Classic,West,10,16891,4133
2024-02-27,Particle Board,West,25,39413,7428
2024-02-28,Laminate Classic,North,37,62574,15661
2024-02-28,MDF Board,West,33,66971,17496
2024-02-29,MDF Board,West,42,85338,20053
2024-02-29,MDF Board,East,46,93465,23844
2024-03-01,Plywood Premium,North,49,121826,35164
2024-03-01,Veneer Sheet,North,22,39780,8184
2024-03-02,Laminate Classic,North,59,100127,26229
2024-03-02,Plywood Premium,South,17,42313,9573
2024-03-03,Laminate Classic,South,43,73053,15434
2024-03-03,Veneer Sheet,South,59,106918,27314
2024-03-04,Particle Board,West,45,71429,16439
2024-03-04,Particle Board,North,45,71429,14378
2024-03-05,Plywood Premium,West,44,109862,32833
2024-03-05,Veneer Sheet,South,58,105322,28770
2024-03-06,Particle Board,West,58,92247,24130
2024-03-06,Plywood Premium,East,50,124965,28158
2024-03-07,Plywood Premium,South,29,72548,20253
2024-03-07,Particle Board,East,28,44575,10105
2024-03-08,Veneer Sheet,North,50,91051,25645
2024-03-08,Plywood Premium,East,37,92645,27238
2024-03-09,Veneer Sheet,East,56,102066,19391
2024-03-09,Particle Board,East,21,33490,7349
2024-03-10,MDF Board,North,45,92346,27107
2024-03-10,Plywood Premium,East,54,135440,39509
2024-03-11,Laminate Classic,East,23,39363,9681
2024-03-11,Particle Board,East,32,51115,12549
2024-03-12,MDF Board,South,56,115097,22692
2024-03-12,Laminate Classic,South,53,90776,25782
2024-03-13,Particle Board,West,51,81585,18568
2024-03-13,MDF Board,South,11,22624,4293
2024-03-14,Particle Board,South,28,44822,11194
2024-03-14,Particle Board,North,31,49625,13772
2024-03-15,Plywood Premium,North,13,32723,7265
2024-03-15,Veneer Sheet,East,28,51258,14006
2024-03-16,MDF Board,South,35,72126,15841
2024-03-16,MDF Board,North,22,45336,10364
2024-03-17,Laminate Classic,West,37,63575,17296
2024-03-17,Plywood Premium,East,10,25201,6595
2024-03-18,Veneer Sheet,South,58,106359,20202
2024-03-18,Plywood Premium,South,15,37821,10448
2024-03-19,Particle Board,West,54,86688,16052
2024-03-19,Particle Board,West,30,48160,14407
2024-03-20,Particle Board,West,44,70667,18617
2024-03-20,Plywood Premium,South,56,141334,36114
2024-03-21,Plywood Premium,North,12,30298,8730
2024-03-21,Plywood Premium,East,21,53022,15643
2024-03-22,Veneer Sheet,West,37,67967,14971
2024-03-22,Laminate Classic,West,45,77496,18261
2024-03-23,Laminate Classic,West,59,101641,21539
2024-03-23,Particle Board,North,45,72354,21586
2024-03-24,Plywood Premium,North,42,106152,24345
2024-03-24,Particle Board,West,57,91676,18290
2024-03-25,MDF Board,North,15,31026,9120
2024-03-25,Particle Board,East,34,54698,12590
2024-03-26,Laminate Classic,East,54,93100,18599
2024-03-26,Plywood Premium,South,10,25286,6009
2024-03-27,Plywood Premium,East,30,75873,20481
2024-03-27,Plywood Premium,South,36,91048,22606
2024-03-28,Plywood Premium,South,50,126474,29060
2024-03-28,Plywood Premium,North,57,144180,27256
2024-03-29,Veneer Sheet,North,14,25757,7726
2024-03-29,MDF Board,North,32,66233,18033
2024-03-30,Particle Board,South,19,30589,6892
2024-03-30,Particle Board,South,18,28979,5665
2024-03-31,MDF Board,North,22,45539,9329
2024-03-31,Plywood Premium,North,49,123969,31509
2024-04-01,Veneer Sheet,East,17,31279,5713
2024-04-01,Laminate Classic,South,12,20699,5017
2024-04-02,Veneer Sheet,North,53,97514,24116
2024-04-02,MDF Board,North,26,53816,10552
2024-04-03,Particle Board,North,23,37024,9792
2024-04-03,MDF Board,East,47,97275,24714
2024-04-04,Laminate Classic,South,59,101747,25517
2024-04-04,MDF Board,East,43,88985,19736
2024-04-05,Plywood Premium,West,24,60693,13812
2024-04-05,Laminate Classic,East,26,44830,13177
2024-04-06,Veneer Sheet,South,26,47809,11428
2024-04-06,Veneer Sheet,West,33,60681,11256
2024-04-07,Particle Board,South,22,35388,7257
2024-04-07,MDF Board,West,20,41363,7821
2024-04-08,Plywood Premium,East,25,63176,12523
2024-04-08,Veneer Sheet,West,13,23892,5291
2024-04-09,MDF Board,West,12,24803,5998
2024-04-09,Laminate Classic,North,28,48228,13437
2024-04-10,Laminate Classic,West,51,87813,17671
2024-04-10,Particle Board,South,10,16070,3923
2024-04-11,Veneer Sheet,South,55,100974,22589
2024-04-11,Laminate Classic,North,36,61961,11445
2024-04-12,Plywood Premium,East,31,78221,14847
2024-04-12,MDF Board,East,57,117676,22044
2024-04-13,Laminate Classic,West,10,17196,3269
2024-04-13,MDF Board,North,24,49524,12103
2024-04-14,Laminate Classic,West,32,54999,13406
2024-04-14,Laminate Classic,North,35,60155,11092
2024-04-15,MDF Board,East,12,24736,7109
2024-04-15,MDF Board,East,54,111312,31619
2024-04-16,MDF Board,East,24,49443,9521
2024-04-16,Particle Board,West,19,30444,7540
2024-04-17,Plywood Premium,East,31,78007,17106
2024-04-17,Veneer Sheet,North,26,47582,10522
2024-04-18,Plywood Premium,West,19,47779,13124
2024-04-18,Particle Board,South,56,89615,22413
2024-04-19,Laminate Classic,East,17,29127,7292
2024-04-19,Veneer Sheet,East,51,93207,19951
2024-04-20,Veneer Sheet,South,43,78529,16437
2024-04-20,MDF Board,North,15,30818,7787
2024-04-21,Plywood Premium,North,31,77784,16104
2024-04-21,Veneer Sheet,South,20,36497,6954
2024-04-22,Plywood Premium,East,12,30085,7308
2024-04-22,Particle Board,West,33,52649,10184
2024-04-23,Laminate Classic,West,37,63194,18331
2024-04-23,Plywood Premium,South,47,117735,30639
2024-04-24,Plywood Premium,South,24,60067,14668
2024-04-24,Laminate Classic,East,54,92148,25095
2024-04-25,Laminate Classic,South,13,22163,5120
2024-04-25,Plywood Premium,West,58,145028,35326
2024-04-26,Plywood Premium,South,23,57456,12332
2024-04-26,Particle Board,South,20,31794,9278
2024-04-27,Particle Board,East,12,19057,3548
2024-04-27,Laminate Classic,West,19,32329,7947
2024-04-28,Laminate Classic,West,11,18697,4088
2024-04-28,Laminate Classic,West,10,16998,3342
2024-04-29,Plywood Premium,North,18,44827,11272
2024-04-29,MDF Board,South,40,81504,23761
2024-04-30,Veneer Sheet,West,59,106743,20805
2024-04-30,MDF Board,North,43,87520,17656
2024-05-01,MDF Board,North,49,99619,26557
2024-05-01,Veneer Sheet,West,38,68671,13512
2024-05-02,Plywood Premium,North,23,57084,15752
2024-05-02,MDF Board,North,46,93410,25944
2024-05-03,MDF Board,South,35,70987,20511
2024-05-03,Plywood Premium,North,51,126425,28710
2024-05-04,MDF Board,North,47,95207,23304
2024-05-04,Plywood Premium,North,26,64372,18535
2024-05-05,Laminate Classic,South,49,82610,17140
2024-05-05,MDF Board,South,15,30346,6674
2024-05-06,MDF Board,West,51,103043,20269
2024-05-06,Particle Board,North,39,61287,17605
2024-05-07,Veneer Sheet,North,47,84297,22784
2024-05-07,Particle Board,North,36,56496,15212
2024-05-08,Veneer Sheet,South,11,19701,5348
2024-05-08,MDF Board,South,42,84628,16278
2024-05-09,Particle Board,East,56,87639,24676
2024-05-09,Veneer Sheet,West,24,42925,11833
2024-05-10,Particle Board,North,56,87512,20046
2024-05-10,Particle Board,South,36,56258,14454
2024-05-11,MDF Board,West,45,90281,24009
2024-05-11,MDF Board,North,29,58181,11740
2024-05-12,Laminate Classic,West,47,78459,16263
2024-05-12,Laminate Classic,South,52,86806,17222
2024-05-13,Particle Board,West,27,42002,10642
2024-05-13,Veneer Sheet,East,21,37335,7178
2024-05-14,Veneer Sheet,North,46,81654,21627
2024-05-14,Laminate Classic,North,37,61573,13849
2024-05-15,Plywood Premium,South,38,92599,17826
2024-05-15,Plywood Premium,South,20,48736,11409
2024-05-16,Particle Board,North,35,54186,15208
2024-05-16,Plywood Premium,North,49,119209,30153
2024-05-17,Plywood Premium,North,18,43718,8947
2024-05-17,Plywood Premium,North,35,85007,18703
2024-05-18,Veneer Sheet,North,35,61718,17921
2024-05-18,Laminate Classic,East,27,44635,10609
2024-05-19,MDF Board,North,52,102979,18942
2024-05-19,MDF Board,East,33,65352,16293
2024-05-20,Veneer Sheet,South,33,57988,12605
2024-05-20,Particle Board,East,52,79954,20457
2024-05-21,Veneer Sheet,South,30,52622,12725
2024-05-21,Plywood Premium,West,50,120593,23858
2024-05-22,Veneer Sheet,East,49,85794,20613
2024-05-22,Plywood Premium,West,22,52964,12058
2024-05-23,MDF Board,East,28,55051,12217
2024-05-23,Particle Board,North,54,82577,18606
2024-05-24,MDF Board,South,10,19624,5358
2024-05-24,Laminate Classic,South,37,60508,14384
2024-05-25,MDF Board,East,13,25463,5139
2024-05-25,Particle Board,East,48,73124,19771
2024-05-26,Laminate Classic,South,28,45614,11735
2024-05-26,Veneer Sheet,North,32,55606,16541
2024-05-27,Laminate Classic,East,38,61784,14145
2024-05-27,Plywood Premium,East,12,28615,5944
2024-05-28,MDF Board,East,17,33102,6371
2024-05-28,Particle Board,East,42,63609,15699
2024-05-29,Laminate Classic,East,41,66395,19828
2024-05-29,MDF Board,West,13,25262,7410
2024-05-30,Particle Board,South,40,60334,13205
2024-05-30,Laminate Classic,East,19,30706,5842
2024-05-31,Particle Board,East,57,85799,17311
2024-05-31,Veneer Sheet,North,27,46448,13336
2024-06-01,Particle Board,West,20,30042,6342
2024-06-01,Laminate Classic,East,32,51501,9481
2024-06-02,Veneer Sheet,North,46,78801,18055
2024-06-02,Plywood Premium,South,53,124840,25759
2024-06-03,Laminate Classic,South,53,84936,16716
2024-06-03,Laminate Classic,South,55,88141,20847
2024-06-04,Plywood Premium,South,26,60979,12942
2024-06-04,Laminate Classic,North,34,54369,11468
2024-06-05,MDF Board,South,13,24891,4875
2024-06-05,Particle Board,North,43,64037,13619
2024-06-06,MDF Board,South,27,51584,12563
2024-06-06,Laminate Classic,West,50,79605,16946
2024-06-07,Plywood Premium,North,34,79216,18987
2024-06-07,Veneer Sheet,East,51,86417,17007
2024-06-08,MDF Board,North,40,76079,21672
2024-06-08,Laminate Classic,West,54,85589,22236
2024-06-09,Laminate Classic,North,26,41116,9467
2024-06-09,Veneer Sheet,South,55,92774,17222
2024-06-10,Veneer Sheet,South,52,87513,17688
2024-06-10,Particle Board,West,35,51540,9699
2024-06-11,MDF Board,West,20,37778,8412
2024-06-11,Plywood Premium,East,48,110817,28064
2024-06-12,Laminate Classic,East,56,87945,25898
2024-06-12,Particle Board,West,42,61561,13074
2024-06-13,Veneer Sheet,East,44,73533,20661
2024-06-13,Plywood Premium,South,54,124087,24638
2024-06-14,Plywood Premium,South,11,25217,4861
2024-06-14,Plywood Premium,West,26,59604,13681
2024-06-15,Particle Board,East,49,71313,16557
2024-06-15,MDF Board,East,59,110400,30462
2024-06-16,Veneer Sheet,East,39,64712,11688
2024-06-16,Veneer Sheet,East,46,76327,14577
2024-06-17,MDF Board,North,26,48416,14235
2024-06-17,Plywood Premium,East,21,47796,11711
2024-06-18,MDF Board,West,40,74306,20566
2024-06-18,Particle Board,South,25,36120,10182
2024-06-19,Plywood Premium,South,34,77006,19836
2024-06-19,MDF Board,South,50,92655,27174
2024-06-20,Laminate Classic,West,16,24647,7392
2024-06-20,Laminate Classic,North,31,47753,13841
2024-06-21,Particle Board,East,18,25815,5243
2024-06-21,Laminate Classic,East,32,49172,13543
2024-06-22,Veneer Sheet,East,44,71939,15703
2024-06-22,Laminate Classic,East,26,39852,10282
2024-06-23,MDF Board,West,54,99077,18748
2024-06-23,Particle Board,East,49,69924,16286
2024-06-24,Veneer Sheet,East,24,39043,10794
2024-06-24,Veneer Sheet,North,31,50430,11006
2024-06-25,Laminate Classic,North,25,38031,8793
2024-06-25,Veneer Sheet,South,11,17849,3265
2024-06-26,Laminate Classic,South,39,59179,10653
2024-06-26,Particle Board,North,27,38238,11191
2024-06-27,MDF Board,East,48,87180,15791
2024-06-27,Particle Board,South,58,81933,18699
2024-06-28,Particle Board,West,25,35225,10033
2024-06-28,Plywood Premium,South,39,86353,19872
2024-06-29,Veneer Sheet,North,10,16061,3351
2024-06-29,MDF Board,North,23,41560,8962
2024-06-30,Laminate Classic,West,27,40552,8436
2024-06-30,Plywood Premium,West,10,22028,6371
2024-07-01,Plywood Premium,East,58,127435,28927
2024-07-01,Veneer Sheet,West,46,73504,20166
2024-07-02,MDF Board,West,15,26895,8011
2024-07-02,MDF Board,South,22,39446,11782
2024-07-03,Veneer Sheet,West,17,27024,7921
2024-07-03,Particle Board,East,54,75112,14604
2024-07-04,MDF Board,South,35,62430,11512
2024-07-04,Laminate Classic,East,15,22296,6155
2024-07-05,Plywood Premium,North,44,95676,24079
2024-07-05,Plywood Premium,North,51,110897,26818
2024-07-06,Laminate Classic,South,26,38446,7630
2024-07-06,MDF Board,South,22,39038,8075
2024-07-07,Plywood Premium,North,13,28120,7019
2024-07-07,Laminate Classic,East,50,73743,16735
2024-07-08,MDF Board,West,38,67079,19228
2024-07-08,Plywood Premium,South,21,45307,8347
2024-07-09,Plywood Premium,North,20,43037,8195
2024-07-09,Veneer Sheet,East,47,73555,15532
2024-07-10,Particle Board,West,35,47803,11659
2024-07-10,Particle Board,West,57,77851,20396
2024-07-11,Particle Board,North,26,35418,6636
2024-07-11,Particle Board,West,38,51765,14948
2024-07-12,MDF Board,West,49,85598,22372
2024-07-12,MDF Board,North,54,94332,25287
2024-07-13,MDF Board,West,49,85375,17880
2024-07-13,MDF Board,East,57,99313,26318
2024-07-14,MDF Board,North,34,59085,17229
2024-07-14,Veneer Sheet,East,36,55610,15032
2024-07-15,Particle Board,East,54,72798,20719
2024-07-15,MDF Board,East,32,55465,10017
2024-07-16,MDF Board,North,39,67423,19488
2024-07-16,Laminate Classic,West,11,15847,4434
2024-07-17,Particle Board,West,48,64375,13079
2024-07-17,Particle Board,South,36,48281,14375
2024-07-18,Plywood Premium,West,40,84083,18935
2024-07-18,Particle Board,East,57,76248,14703
2024-07-19,Laminate Classic,North,41,58611,16458
2024-07-19,Veneer Sheet,West,24,36596,10680
2024-07-20,Particle Board,South,13,17300,3474
2024-07-20,Veneer Sheet,South,13,19772,4273
2024-07-21,Plywood Premium,West,31,64664,17137
2024-07-21,Plywood Premium,South,35,73008,13795
2024-07-22,Laminate Classic,South,23,32628,9684
2024-07-22,Particle Board,West,45,59581,15354
2024-07-23,Veneer Sheet,North,21,31696,5798
2024-07-23,MDF Board,North,15,25470,5721
2024-07-24,MDF Board,East,32,54199,12655
2024-07-24,Laminate Classic,North,13,18348,4240
2024-07-25,Particle Board,North,48,63073,15342
2024-07-25,Particle Board,North,20,26280,5426
2024-07-26,Laminate Classic,East,23,32300,6705
2024-07-26,MDF Board,East,12,20222,5947
2024-07-27,Veneer Sheet,West,37,55288,14803
2024-07-27,Particle Board,East,29,37917,8634
2024-07-28,Plywood Premium,North,12,24594,5347
2024-07-28,Laminate Classic,West,47,65678,13634
2024-07-29,Particle Board,East,58,75461,19484
2024-07-29,Veneer Sheet,South,24,35686,8442
2024-07-30,MDF Board,West,55,91778,18763
2024-07-30,Particle Board,North,17,22064,6012
2024-07-31,Laminate Classic,West,16,22195,5662
2024-07-31,Veneer Sheet,North,33,48830,14185
2024-08-01,MDF Board,West,55,91336,21505
2024-08-01,Plywood Premium,South,53,107574,22558
2024-08-02,Plywood Premium,South,57,115416,27583
2024-08-02,Particle Board,North,11,14174,3907
2024-08-03,MDF Board,West,22,36361,7197
2024-08-03,Particle Board,South,39,50134,11385
2024-08-04,MDF Board,North,34,56062,15877
2024-08-04,Plywood Premium,West,20,40306,9579
2024-08-05,Plywood Premium,North,21,42223,12599
2024-08-05,Veneer Sheet,West,42,61416,15179
2024-08-06,Laminate Classic,West,42,57445,13908
2024-08-06,Plywood Premium,North,22,44132,8380
2024-08-07,Particle Board,West,35,44578,10147
2024-08-07,Laminate Classic,South,48,65502,13369
2024-08-08,Laminate Classic,South,24,32677,6666
2024-08-08,Veneer Sheet,North,49,71164,18244
2024-08-09,MDF Board,East,15,24453,6146
2024-08-09,Plywood Premium,East,40,79700,19522
2024-08-10,Laminate Classic,West,17,23044,6767
2024-08-10,Veneer Sheet,South,29,41931,9255
2024-08-11,MDF Board,East,16,25969,6733
2024-08-11,Veneer Sheet,South,31,44725,10478
2024-08-12,MDF Board,East,50,80981,16170
2024-08-12,MDF Board,South,21,34012,7130
2024-08-13,Particle Board,North,54,67880,17233
2024-08-13,MDF Board,East,55,88890,19593
2024-08-14,Particle Board,East,41,51430,12332
2024-08-14,Laminate Classic,South,27,36288,9376
2024-08-15,Particle Board,West,50,62591,14971
2024-08-15,Veneer Sheet,South,44,62949,12996
2024-08-16,Plywood Premium,East,21,41226,8282
2024-08-16,Particle Board,East,33,41226,9525
2024-08-17,Veneer Sheet,West,53,75520,20551
2024-08-17,Veneer Sheet,West,59,84069,23879
2024-08-18,Plywood Premium,West,43,84082,20045
2024-08-18,Laminate Classic,East,43,57328,15774
2024-08-19,Laminate Classic,East,21,27943,6316
2024-08-19,Laminate Classic,West,30,39919,10697
2024-08-20,MDF Board,South,17,27093,6194
2024-08-20,Laminate Classic,West,23,30546,9058
2024-08-21,Particle Board,North,47,58151,13902
2024-08-21,Veneer Sheet,North,56,79185,19887
2024-08-22,Plywood Premium,West,11,21348,4086
2024-08-22,Plywood Premium,East,34,65985,19553
2024-08-23,Laminate Classic,East,46,60759,11002
2024-08-23,Plywood Premium,West,21,40682,7961
2024-08-24,Particle Board,East,56,68915,14345
2024-08-24,Laminate Classic,East,23,30326,6662
2024-08-25,Particle Board,South,21,25799,7209
2024-08-25,Plywood Premium,North,29,55985,14026
2024-08-26,Veneer Sheet,North,29,40648,9167
2024-08-26,MDF Board,North,56,88305,22928
2024-08-27,Particle Board,North,58,71018,18794
2024-08-27,Veneer Sheet,East,24,33585,8294
2024-08-28,MDF Board,North,29,45581,9680
2024-08-28,Laminate Classic,North,46,60251,17616
2024-08-29,Particle Board,North,44,53706,12581
2024-08-29,Particle Board,East,14,17088,3287
2024-08-30,MDF Board,South,21,32905,6508
2024-08-30,Particle Board,South,33,40218,10549
2024-08-31,Laminate Classic,North,59,76928,22830
2024-08-31,MDF Board,South,32,50068,13018
2024-09-01,Veneer Sheet,East,54,74995,14790
2024-09-01,Laminate Classic,South,17,22133,6559
2024-09-02,Plywood Premium,East,17,32417,6442
2024-09-02,Particle Board,East,31,37618,7923
2024-09-03,Plywood Premium,East,35,66653,14991
2024-09-03,Laminate Classic,South,26,33759,9442
2024-09-04,Plywood Premium,West,36,68468,19973
2024-09-04,Veneer Sheet,North,10,13831,2847
2024-09-05,Particle Board,West,14,16922,4218
2024-09-05,Veneer Sheet,South,59,81505,20587
2024-09-06,Plywood Premium,North,50,94859,28381
2024-09-06,Particle Board,North,22,26560,5700
2024-09-07,MDF Board,West,43,66668,15233
2024-09-07,Veneer Sheet,South,28,38588,10686
2024-09-08,Laminate Classic,North,50,64529,14071
2024-09-08,Particle Board,East,10,12045,2341
2024-09-09,Plywood Premium,North,24,45379,11600
2024-09-09,Laminate Classic,East,24,30940,8151
2024-09-10,Veneer Sheet,North,34,46707,11750
2024-09-10,Plywood Premium,East,53,100111,18196
2024-09-11,MDF Board,East,17,26247,6829
2024-09-11,Laminate Classic,South,55,70764,16987
2024-09-12,Particle Board,South,17,20395,4941
2024-09-12,Veneer Sheet,North,38,52102,11511
2024-09-13,Veneer Sheet,North,43,58906,14325
2024-09-13,Veneer Sheet,West,24,32877,7473
2024-09-14,Laminate Classic,West,52,66727,12156
2024-09-14,MDF Board,East,25,38496,9920
2024-09-15,Veneer Sheet,East,34,46501,12023
2024-09-15,MDF Board,East,13,20002,5843
2024-09-16,MDF Board,South,23,35363,8427
2024-09-16,Particle Board,West,55,65772,14264
2024-09-17,Veneer Sheet,East,17,23217,5046
2024-09-17,Veneer Sheet,South,27,36875,8407
2024-09-18,Particle Board,West,35,41799,8135
2024-09-18,MDF Board,East,40,61420,17389
2024-09-19,Particle Board,East,16,19097,4114
2024-09-19,Plywood Premium,South,51,95657,27752
2024-09-20,Veneer Sheet,West,16,21813,6061
2024-09-20,Veneer Sheet,West,54,73622,18845
2024-09-21,MDF Board,North,31,47524,13226
2024-09-21,Veneer Sheet,North,35,47695,9798
2024-09-22,Laminate Classic,West,51,65126,18756
2024-09-22,Plywood Premium,South,36,67425,18451
2024-09-23,Laminate Classic,West,28,35742,10084
2024-09-23,Laminate Classic,North,27,34465,9374
2024-09-24,Laminate Classic,North,59,75289,14934
2024-09-24,Plywood Premium,East,53,99195,28125
2024-09-25,Particle Board,North,31,36911,6748
2024-09-25,MDF Board,West,16,24494,6015
2024-09-26,Laminate Classic,North,23,29335,7505
2024-09-26,Plywood Premium,South,34,63603,18987
2024-09-27,MDF Board,East,30,45909,11986
2024-09-27,Laminate Classic,South,48,61212,16340
2024-09-28,MDF Board,East,33,50494,9866
2024-09-28,MDF Board,West,35,53554,11806
2024-09-29,Particle Board,South,45,53550,10189
2024-09-29,Plywood Premium,West,12,22440,5119
2024-09-30,Plywood Premium,East,15,28050,6243
2024-09-30,Veneer Sheet,North,58,78880,22072
2024-10-01,Veneer Sheet,North,53,72082,14996
2024-10-01,Particle Board,West,47,55932,14046
2024-10-02,MDF Board,South,53,81100,17754
2024-10-02,MDF Board,South,15,22953,4275
2024-10-03,Veneer Sheet,South,47,63937,15788
2024-10-03,Laminate Classic,East,39,49738,10943
2024-10-04,Veneer Sheet,South,45,61228,18086
2024-10-04,Particle Board,East,56,66671,13608
2024-10-05,Laminate Classic,South,39,49760,11646
2024-10-05,Veneer Sheet,North,25,34024,8839
2024-10-06,Veneer Sheet,East,25,34034,7688
2024-10-06,Veneer Sheet,East,49,66707,12167
2024-10-07,Veneer Sheet,West,53,72178,15102
2024-10-07,Particle Board,West,15,17874,3768
2024-10-08,Plywood Premium,North,25,46833,11278
2024-10-08,Veneer Sheet,South,23,31335,6082
2024-10-09,Laminate Classic,North,11,14056,3172
2024-10-09,Laminate Classic,East,18,23001,5547
2024-10-10,MDF Board,West,32,49094,14388
2024-10-10,Laminate Classic,East,15,19177,5567
2024-10-11,MDF Board,East,31,47586,11800
2024-10-11,Veneer Sheet,South,21,28654,8357
2024-10-12,Laminate Classic,South,27,34559,8824
2024-10-12,Laminate Classic,South,23,29439,8146
2024-10-13,Veneer Sheet,South,18,24591,5378
2024-10-13,MDF Board,South,36,55331,14573
2024-10-14,Laminate Classic,South,29,37170,9246
2024-10-14,Laminate Classic,North,11,14099,2762
2024-10-15,Plywood Premium,West,40,75252,17943
2024-10-15,Particle Board,West,12,14366,4228
2024-10-16,Plywood Premium,North,43,80961,15235
2024-10-16,Laminate Classic,West,34,43647,9074
2024-10-17,Particle Board,West,21,25183,7451
2024-10-17,Veneer Sheet,North,40,54820,13197
2024-10-18,Laminate Classic,North,15,19290,3472
2024-10-18,MDF Board,South,11,16975,4379
2024-10-19,MDF Board,East,14,21625,5918
2024-10-19,Laminate Classic,North,11,14159,3371
2024-10-20,Laminate Classic,North,40,51541,13576
2024-10-20,Plywood Premium,East,28,52915,10608
2024-10-21,Particle Board,North,37,44544,9639
2024-10-21,MDF Board,East,25,38696,10176
2024-10-22,Plywood Premium,West,13,24620,7376
2024-10-22,Plywood Premium,North,48,90907,18771
2024-10-23,Particle Board,West,45,54296,13207
2024-10-23,Laminate Classic,East,46,59467,17030
2024-10-24,Particle Board,East,16,19328,4697
2024-10-24,Particle Board,North,31,37449,11072
2024-10-25,Laminate Classic,South,36,46653,10740
2024-10-25,Particle Board,South,32,38704,7603
2024-10-26,Particle Board,North,22,26643,4834
2024-10-26,Laminate Classic,North,30,38927,7935
2024-10-27,Particle Board,North,41,49720,11860
2024-10-27,MDF Board,North,20,31183,7313
2024-10-28,Veneer Sheet,West,35,48573,9484
2024-10-28,Laminate Classic,West,57,74161,19910
2024-10-29,MDF Board,North,38,59413,13506
2024-10-29,Laminate Classic,North,51,66449,19074
2024-10-30,Plywood Premium,West,26,49757,12889
2024-10-30,Plywood Premium,North,11,21051,4894
2024-10-31,Particle Board,North,19,23173,6758
2024-10-31,Veneer Sheet,West,30,41816,11667
2024-11-01,Laminate Classic,West,31,40572,10402
2024-11-01,Plywood Premium,West,32,61425,14877
2024-11-02,MDF Board,North,41,64494,19257
2024-11-02,Particle Board,West,22,26916,4967
2024-11-03,MDF Board,North,54,85081,23504
2024-11-03,MDF Board,West,26,40965,12075
2024-11-04,Particle Board,West,40,49099,10584
2024-11-04,MDF Board,West,24,37876,11100
2024-11-05,MDF Board,West,52,82205,18862
2024-11-05,Particle Board,South,41,50412,9489
2024-11-06,Laminate Classic,South,56,73902,14031
2024-11-06,Veneer Sheet,North,40,56306,15422
2024-11-07,Plywood Premium,North,11,21328,5547
2024-11-07,MDF Board,North,45,71390,18118
2024-11-08,Plywood Premium,North,34,66045,16090
2024-11-08,Laminate Classic,South,30,39733,7749
2024-11-09,MDF Board,West,11,17514,4417
2024-11-09,Particle Board,West,40,49536,12012
2024-11-10,Veneer Sheet,South,20,28360,5253
2024-11-10,Plywood Premium,West,27,52643,10894
2024-11-11,Plywood Premium,West,23,44930,10456
2024-11-11,Plywood Premium,South,31,60558,12890
2024-11-12,Veneer Sheet,North,53,75445,15367
2024-11-12,Plywood Premium,West,30,58719,12583
2024-11-13,Plywood Premium,West,50,98059,24052
2024-11-13,Particle Board,North,30,37441,11135
2024-11-14,Veneer Sheet,West,20,28584,6242
2024-11-14,MDF Board,North,31,49843,12198
2024-11-15,Particle Board,South,11,13784,2699
2024-11-15,Veneer Sheet,East,59,84495,17373
2024-11-16,MDF Board,East,33,53278,11779
2024-11-16,MDF Board,North,42,67808,16341
2024-11-17,MDF Board,East,38,61480,11758
2024-11-17,Veneer Sheet,East,34,48896,13267
2024-11-18,Laminate Classic,South,25,33778,9370
2024-11-18,Veneer Sheet,North,12,17294,5171
2024-11-19,MDF Board,West,51,82868,21455
2024-11-19,Plywood Premium,South,30,59578,15965
2024-11-20,MDF Board,East,11,17912,3988
2024-11-20,Particle Board,North,45,56995,10294
2024-11-21,Laminate Classic,South,21,28560,7696
2024-11-21,Plywood Premium,South,29,57847,12681
2024-11-22,MDF Board,East,15,24535,6997
2024-11-22,Particle Board,South,13,16538,3741
2024-11-23,Veneer Sheet,West,19,27688,7928
2024-11-23,MDF Board,South,46,75413,19574
2024-11-24,Particle Board,South,47,60067,12014
2024-11-24,Veneer Sheet,North,54,78872,15077
2024-11-25,Veneer Sheet,North,23,33671,8983
2024-11-25,Particle Board,West,13,16652,3102
2024-11-26,Laminate Classic,South,27,37143,9369
2024-11-26,Veneer Sheet,West,28,41087,9852
2024-11-27,MDF Board,South,33,54606,12019
2024-11-27,Laminate Classic,South,40,55157,15389
2024-11-28,MDF Board,West,54,89568,17707
2024-11-28,Plywood Premium,East,42,85145,16231
2024-11-29,Veneer Sheet,North,37,54683,14670
2024-11-29,MDF Board,North,54,89783,18030
2024-11-30,Veneer Sheet,West,57,84445,17006
2024-11-30,Veneer Sheet,East,48,71111,17679
2024-12-01,Particle Board,North,19,24689,5435
2024-12-01,Particle Board,East,58,75369,18864
2024-12-02,Particle Board,South,26,33869,9874
2024-12-02,MDF Board,North,28,46895,9900
2024-12-03,Laminate Classic,East,14,19588,5504
2024-12-03,Particle Board,West,58,75740,17588
2024-12-04,Particle Board,West,15,19636,5021
2024-12-04,Laminate Classic,East,10,14026,3837
2024-12-05,Veneer Sheet,South,50,74993,14928
2024-12-05,Veneer Sheet,West,40,59994,17441
2024-12-06,Plywood Premium,West,30,62025,11677
2024-12-06,Veneer Sheet,South,39,58642,10810
2024-12-07,MDF Board,East,37,62747,17221
2024-12-07,Laminate Classic,West,25,35330,9578
2024-12-08,Laminate Classic,North,22,31169,6613
2024-12-08,Plywood Premium,North,45,93509,17208
2024-12-09,Veneer Sheet,South,52,78786,15497
2024-12-09,Veneer Sheet,South,42,63634,17348
2024-12-10,Laminate Classic,West,20,28481,8419
2024-12-10,Particle Board,South,35,46519,10711
2024-12-11,Plywood Premium,North,30,62819,13241
2024-12-11,MDF Board,East,35,59964,12169
2024-12-12,Plywood Premium,East,34,71378,20959
2024-12-12,Veneer Sheet,North,50,76340,13943
2024-12-13,Particle Board,West,51,68310,13024
2024-12-13,Plywood Premium,North,33,69458,13459
2024-12-14,Laminate Classic,West,52,74818,14074
2024-12-14,Plywood Premium,North,43,90740,17223
2024-12-15,Laminate Classic,North,19,27408,5478
2024-12-15,Laminate Classic,South,57,82225,16932
2024-12-16,Laminate Classic,South,25,36157,8294
2024-12-16,Particle Board,East,31,41846,8991
2024-12-17,Veneer Sheet,East,19,29388,8739
2024-12-17,MDF Board,East,58,100924,20605
2024-12-18,Particle Board,West,35,47492,10430
2024-12-18,Veneer Sheet,South,24,37218,7614
2024-12-19,Particle Board,East,31,42174,8409
2024-12-19,MDF Board,North,50,87458,21621
2024-12-20,Veneer Sheet,South,58,90415,16569
2024-12-20,Plywood Premium,West,12,25721,7436
2024-12-21,Plywood Premium,South,44,94559,18217
2024-12-21,Veneer Sheet,East,34,53140,12099
2024-12-22,MDF Board,East,14,24681,7299
2024-12-22,Veneer Sheet,South,17,26639,5712
2024-12-23,Veneer Sheet,North,45,70701,15071
2024-12-23,Plywood Premium,East,24,51847,15025
2024-12-24,Laminate Classic,South,29,42827,10575
2024-12-24,Laminate Classic,East,25,36920,10443
2024-12-25,MDF Board,East,59,104830,20993
2024-12-25,Plywood Premium,West,10,21716,3995
2024-12-26,Particle Board,West,57,78976,15657
2024-12-26,Veneer Sheet,South,15,23752,7033
2024-12-27,MDF Board,West,18,32149,8887
2024-12-27,Plywood Premium,East,54,117880,35139
2024-12-28,Particle Board,South,22,30640,6702
2024-12-28,Veneer Sheet,South,40,63669,16473
2024-12-29,MDF Board,North,34,61041,11668
2024-12-29,Veneer Sheet,North,29,46280,13274
2024-12-30,Particle Board,East,37,51800,14658
2024-12-30,Veneer Sheet,South,59,94400,18246
2024-12-31,Veneer Sheet,West,20,32082,9244
2024-12-31,Veneer Sheet,West,18,28874,6437
2025-01-01,Laminate Classic,South,12,18046,5153
2025-01-01,Laminate Classic,West,30,45116,8732
2025-01-02,Laminate Classic,South,42,63325,13221
2025-01-02,Veneer Sheet,South,50,80413,21611
2025-01-03,Laminate Classic,South,20,30232,7804
2025-01-03,Plywood Premium,North,53,117502,27795
2025-01-04,MDF Board,East,42,76380,14905
2025-01-04,Laminate Classic,South,44,66681,17494
2025-01-05,Veneer Sheet,East,48,77790,15562
2025-01-05,Veneer Sheet,West,10,16206,4544
2025-01-06,MDF Board,West,34,62146,12793
2025-01-06,Particle Board,East,55,78190,21198
2025-01-07,Veneer Sheet,West,26,42350,11516
2025-01-07,MDF Board,West,22,40314,11604
2025-01-08,MDF Board,North,15,27555,7177
2025-01-08,MDF Board,East,43,78993,18456
2025-01-09,Veneer Sheet,North,17,27829,5439
2025-01-09,MDF Board,South,23,42358,10059
2025-01-10,Plywood Premium,North,49,110569,29719
2025-01-10,Laminate Classic,South,32,49233,9614
2025-01-11,Plywood Premium,East,55,124416,35992
2025-01-11,Laminate Classic,East,18,27762,7793
2025-01-12,Particle Board,East,23,33190,8868
2025-01-12,MDF Board,West,28,51950,14791
2025-01-13,Particle Board,North,45,65097,12471
2025-01-13,Plywood Premium,West,42,95475,22556
2025-01-14,Plywood Premium,South,20,45575,8609
2025-01-14,Plywood Premium,East,23,52411,14108
2025-01-15,Veneer Sheet,East,13,21596,6160
2025-01-15,Laminate Classic,North,55,85659,18917
2025-01-16,Particle Board,South,58,84512,18105
2025-01-16,Veneer Sheet,East,20,33305,9973
2025-01-17,Laminate Classic,North,30,46947,8808
2025-01-17,Veneer Sheet,North,12,20030,4779
2025-01-18,Particle Board,North,18,26352,7619
2025-01-18,Veneer Sheet,East,26,43502,8168
2025-01-19,Plywood Premium,West,54,124525,32791
2025-01-19,Veneer Sheet,South,21,35219,8302
2025-01-20,Plywood Premium,East,35,80898,16161
2025-01-20,Particle Board,East,47,69131,17352
2025-01-21,Particle Board,East,13,19165,5005
2025-01-21,Veneer Sheet,West,13,21903,4953
2025-01-22,Particle Board,East,31,45806,9688
2025-01-22,Laminate Classic,East,50,79159,19057
2025-01-23,Plywood Premium,South,26,60508,11180
2025-01-23,Laminate Classic,East,17,26975,5628
2025-01-24,Laminate Classic,North,38,60432,14307
2025-01-24,MDF Board,West,23,43893,11117
2025-01-25,Particle Board,West,58,86281,20879
2025-01-25,Plywood Premium,South,58,135585,27969
2025-01-26,MDF Board,West,42,80507,17764
2025-01-26,Particle Board,North,58,86471,17832
2025-01-27,Laminate Classic,East,50,80042,18220
2025-01-27,Particle Board,North,50,74706,20782
2025-01-28,Particle Board,East,48,71872,17894
2025-01-28,Particle Board,West,20,29946,5551
2025-01-29,MDF Board,North,55,106109,21203
2025-01-29,Veneer Sheet,East,21,36012,10294
2025-01-30,Particle Board,North,54,81199,20539
2025-01-30,Plywood Premium,North,35,82703,24364
2025-01-31,Laminate Classic,North,17,27445,7781
2025-01-31,Particle Board,East,32,48218,8913
2025-02-01,Veneer Sheet,South,27,46591,9026
2025-02-01,Plywood Premium,East,45,106772,23947
2025-02-02,MDF Board,East,37,71974,17702
2025-02-02,Plywood Premium,North,21,49928,9467
2025-02-03,Plywood Premium,East,11,26205,6819
2025-02-03,Plywood Premium,South,11,26205,7509
2025-02-04,Particle Board,South,23,34937,8955
2025-02-04,Plywood Premium,North,48,114576,32636
2025-02-05,Veneer Sheet,South,36,62618,16839
2025-02-05,Particle Board,South,12,18263,4457
2025-02-06,Laminate Classic,North,50,81690,18841
2025-02-06,MDF Board,East,10,19605,3727
2025-02-07,Laminate Classic,North,30,49107,13600
2025-02-07,Plywood Premium,East,33,79226,20462
2025-02-08,Veneer Sheet,North,52,90963,21066
2025-02-08,MDF Board,North,18,35423,7678
2025-02-09,Laminate Classic,South,53,87077,24016
2025-02-09,MDF Board,East,37,72947,18201
2025-02-10,Plywood Premium,East,32,77249,16860
2025-02-10,Laminate Classic,East,45,74067,16824
2025-02-11,Laminate Classic,West,37,61008,14133
2025-02-11,Veneer Sheet,North,10,17587,3895
2025-02-12,Veneer Sheet,East,38,66950,16206
2025-02-12,Laminate Classic,West,44,72676,16052
2025-02-13,MDF Board,South,20,39710,8630
2025-02-13,Particle Board,West,43,66404,18659
2025-02-14,Veneer Sheet,South,10,17678,3405
2025-02-14,Plywood Premium,North,59,143418,34172
2025-02-15,MDF Board,East,20,39842,7820
2025-02-15,Laminate Classic,East,55,91306,16774
2025-02-16,MDF Board,South,59,117727,25615
2025-02-16,Particle Board,East,39,60526,11839
2025-02-17,Laminate Classic,North,46,76611,22578
2025-02-17,Particle Board,East,32,49742,11604
2025-02-18,Laminate Classic,West,18,30025,8949
2025-02-18,Particle Board,East,56,87184,17279
2025-02-19,Plywood Premium,North,41,100459,22186
2025-02-19,Veneer Sheet,North,46,81971,19455
2025-02-20,Particle Board,South,54,84325,22888
2025-02-20,MDF Board,East,12,24092,5210
2025-02-21,Particle Board,East,58,90704,21850
2025-02-21,Veneer Sheet,North,53,94725,26492
2025-02-22,Veneer Sheet,East,10,17898,4468
2025-02-22,Particle Board,East,22,34454,8790
2025-02-23,MDF Board,West,26,52425,14057
2025-02-23,Laminate Classic,West,31,52089,12935
2025-02-24,Laminate Classic,East,46,77399,20719
2025-02-24,Veneer Sheet,North,26,46664,12380
2025-02-25,MDF Board,East,36,72784,21044
2025-02-25,MDF Board,South,54,109177,25658
2025-02-26,Particle Board,South,20,31490,7743
2025-02-26,Particle Board,North,29,45661,10776
2025-02-27,Laminate Classic,West,15,25337,5013
2025-02-27,MDF Board,South,57,115537,22095
2025-02-28,Veneer Sheet,West,15,27059,6782
2025-02-28,Laminate Classic,West,47,79486,19290
2025-03-01,MDF Board,East,59,119880,32018
2025-03-01,Particle Board,South,36,56892,13023
2025-03-02,MDF Board,East,56,113915,28344
2025-03-02,Particle Board,East,57,90183,27012
2025-03-03,Veneer Sheet,North,26,47065,12087
2025-03-03,Plywood Premium,West,17,42313,7933
2025-03-04,MDF Board,East,14,28541,6885
2025-03-04,Particle Board,East,25,39641,10762
2025-03-05,Particle Board,South,52,82540,23494
2025-03-05,Laminate Classic,South,30,51020,11379
2025-03-06,Laminate Classic,North,33,56179,15054
2025-03-06,Plywood Premium,South,56,139825,41788
2025-03-07,Laminate Classic,West,35,59642,16664
2025-03-07,MDF Board,North,45,92020,25774
2025-03-08,Plywood Premium,East,46,115076,20791
2025-03-08,Particle Board,West,18,28655,7792
2025-03-09,Veneer Sheet,East,11,20031,3856
2025-03-09,Plywood Premium,South,55,137715,29421
2025-03-10,Veneer Sheet,South,40,72904,13700
2025-03-10,MDF Board,West,12,24605,6295
2025-03-11,Particle Board,North,41,65440,12347
2025-03-11,Particle Board,East,47,75016,16199
2025-03-12,Plywood Premium,East,43,107936,29719
2025-03-12,Veneer Sheet,South,11,20081,5325
2025-03-13,Veneer Sheet,South,48,87693,20007
2025-03-13,MDF Board,South,38,78101,19524
2025-03-14,Plywood Premium,North,50,125692,25931
2025-03-14,Particle Board,North,28,44792,9985
2025-03-15,Plywood Premium,North,31,77982,15794
2025-03-15,Laminate Classic,South,45,77181,19679
2025-03-16,Veneer Sheet,West,41,75057,18250
2025-03-16,Laminate Classic,West,55,94393,26307
2025-03-17,Veneer Sheet,North,32,58616,15619
2025-03-17,Veneer Sheet,East,40,73271,15688
2025-03-18,Laminate Classic,West,43,73885,19698
2025-03-18,Plywood Premium,West,58,146167,31880
2025-03-19,Plywood Premium,South,38,95815,17785
2025-03-19,Plywood Premium,East,33,83207,23357
2025-03-20,Plywood Premium,South,14,35317,10342
2025-03-20,Particle Board,West,20,32106,8964
2025-03-21,MDF Board,East,18,37169,10449
2025-03-21,Veneer Sheet,West,45,82598,23859
2025-03-22,MDF Board,North,28,57842,16727
2025-03-22,Veneer Sheet,East,46,84468,16380
2025-03-23,Laminate Classic,North,42,72330,21092
2025-03-23,Plywood Premium,West,19,47990,9439
2025-03-24,Particle Board,North,52,83610,21735
2025-03-24,Plywood Premium,West,53,133913,26186
2025-03-25,Veneer Sheet,East,34,62496,13484
2025-03-25,Particle Board,West,28,45034,11534
2025-03-26,Particle Board,South,26,41828,9336
2025-03-26,Veneer Sheet,West,50,91930,21798
2025-03-27,Laminate Classic,West,23,39653,10805
2025-03-27,Plywood Premium,West,16,40458,11008
2025-03-28,Laminate Classic,North,22,37936,8721
2025-03-28,Laminate Classic,West,18,31039,8035
2025-03-29,MDF Board,South,31,64156,13209
2025-03-29,Particle Board,East,54,86922,16020
2025-03-30,Plywood Premium,West,17,43005,11103
2025-03-30,Laminate Classic,East,37,63818,18950
2025-03-31,Veneer Sheet,North,37,68077,18080
2025-03-31,Plywood Premium,West,30,75897,16279
2025-04-01,MDF Board,North,58,120059,23217
2025-04-01,Laminate Classic,North,53,91424,17551
2025-04-02,Laminate Classic,South,22,37949,8557
2025-04-02,Laminate Classic,South,26,44849,8742
2025-04-03,Laminate Classic,East,34,58646,15737
2025-04-03,Plywood Premium,West,33,83485,22289
2025-04-04,Plywood Premium,West,35,88537,23135
2025-04-04,Veneer Sheet,East,37,68070,14435
2025-04-05,Plywood Premium,West,37,93584,27805
2025-04-05,MDF Board,South,51,105541,28751
2025-04-06,Plywood Premium,South,46,116329,24646
2025-04-06,Particle Board,North,42,67590,18160
2025-04-07,Veneer Sheet,North,21,38615,6956
2025-04-07,MDF Board,North,45,93090,22882
2025-04-08,Veneer Sheet,East,18,33090,8128
2025-04-08,Plywood Premium,East,34,85944,18472
2025-04-09,Particle Board,South,13,20905,6019
2025-04-09,Particle Board,North,38,61109,12807
2025-04-10,Veneer Sheet,North,24,44094,8252
2025-04-10,Veneer Sheet,South,13,23884,7044
2025-04-11,Plywood Premium,East,14,35355,8615
2025-04-11,Veneer Sheet,South,20,36732,10855
2025-04-12,Veneer Sheet,South,50,91795,18781
2025-04-12,Laminate Classic,West,16,27538,5422
2025-04-13,Laminate Classic,North,19,32687,7119
2025-04-13,MDF Board,East,22,45418,12595
2025-04-14,Veneer Sheet,East,40,73369,19141
2025-04-14,MDF Board,North,58,119684,35149
2025-04-15,Veneer Sheet,North,56,102665,19226
2025-04-15,Laminate Classic,South,58,99686,29075
2025-04-16,Veneer Sheet,West,50,91615,21412
2025-04-16,Plywood Premium,South,47,118412,28840
2025-04-17,Particle Board,South,30,48069,14203
2025-04-17,Laminate Classic,South,19,32618,6576
2025-04-18,MDF Board,South,15,30882,7209
2025-04-18,Veneer Sheet,North,52,95164,24830
2025-04-19,Plywood Premium,West,20,50294,13839
2025-04-19,MDF Board,East,37,76127,19724
2025-04-20,Plywood Premium,West,13,32668,9609
2025-04-20,MDF Board,South,21,43177,9116
2025-04-21,Plywood Premium,South,28,70311,14141
2025-04-21,Laminate Classic,South,15,25681,5208
2025-04-22,MDF Board,North,43,88277,23287
2025-04-22,MDF Board,North,25,51323,15257
2025-04-23,Particle Board,South,17,27122,7398
2025-04-23,Veneer Sheet,East,39,71111,18266
2025-04-24,Plywood Premium,East,29,72645,18002
2025-04-24,Particle Board,South,53,84487,15330
2025-04-25,Laminate Classic,West,46,78496,17680
2025-04-25,Veneer Sheet,South,52,94651,17560
2025-04-26,Laminate Classic,West,49,83539,23538
2025-04-26,MDF Board,South,46,94109,19715
2025-04-27,Particle Board,East,53,84254,21863
2025-04-27,Laminate Classic,West,18,30658,6084
2025-04-28,MDF Board,South,10,20418,3785
2025-04-28,Particle Board,East,58,92111,23603
2025-04-29,Veneer Sheet,North,39,70712,20521
2025-04-29,Plywood Premium,East,36,89750,19122
2025-04-30,Plywood Premium,South,54,134481,28257
2025-04-30,Veneer Sheet,North,36,65203,14988
2025-05-01,Plywood Premium,South,10,24876,5049
2025-05-01,Particle Board,West,32,50657,12193
2025-05-02,MDF Board,North,50,101652,21087
2025-05-02,Plywood Premium,North,31,77029,21877
2025-05-03,Particle Board,North,38,60017,13909
2025-05-03,MDF Board,West,30,60920,14742
2025-05-04,Laminate Classic,East,28,47325,9335
2025-05-04,Laminate Classic,West,14,23662,5450
2025-05-05,Veneer Sheet,East,51,91831,26324
2025-05-05,Laminate Classic,West,54,91156,22874
2025-05-06,Plywood Premium,West,28,69235,17395
2025-05-06,Veneer Sheet,South,36,64739,12189
2025-05-07,MDF Board,North,10,20204,4629
2025-05-07,MDF Board,West,45,90920,23933
2025-05-08,Laminate Classic,West,12,20177,4880
2025-05-08,Plywood Premium,East,32,78916,23021
2025-05-09,Particle Board,South,50,78359,14104
2025-05-09,Plywood Premium,West,15,36941,6891
2025-05-10,Laminate Classic,West,16,26828,5484
2025-05-10,Particle Board,North,29,45384,9423
2025-05-11,MDF Board,South,56,112516,22833
2025-05-11,Veneer Sheet,South,45,80368,21621
2025-05-12,Particle Board,North,32,49933,12640
2025-05-12,Particle Board,North,57,88943,24727
2025-05-13,Plywood Premium,South,57,139557,40224
2025-05-13,Veneer Sheet,East,25,44516,12042
2025-05-14,Particle Board,South,30,46669,9238
2025-05-14,MDF Board,East,40,80005,21638
2025-05-15,MDF Board,South,18,35945,7629
2025-05-15,Laminate Classic,South,26,43267,10911
2025-05-16,Veneer Sheet,East,34,60256,11785
2025-05-16,Particle Board,South,58,89941,21735
2025-05-17,Plywood Premium,East,45,109477,32480
2025-05-17,Laminate Classic,West,24,39810,10578
2025-05-18,MDF Board,South,10,19871,3867
2025-05-18,Laminate Classic,East,26,43055,7909
2025-05-19,Plywood Premium,North,18,43643,9664
2025-05-19,Veneer Sheet,West,12,21160,4110
2025-05-20,Plywood Premium,West,57,137966,34139
2025-05-20,Plywood Premium,North,12,29045,6909
2025-05-21,Veneer Sheet,West,41,72046,19317
2025-05-21,Laminate Classic,North,28,46127,12632
2025-05-22,MDF Board,West,23,45387,12002
2025-05-22,Laminate Classic,North,13,21378,5282
2025-05-23,Particle Board,East,15,22980,5643
2025-05-23,Plywood Premium,West,28,67409,15608
2025-05-24,Particle Board,East,25,38230,10838
2025-05-24,Particle Board,West,44,67285,19801
2025-05-25,MDF Board,East,19,37286,10330
2025-05-25,Veneer Sheet,West,32,55820,12167
2025-05-26,MDF Board,North,46,90100,16984
2025-05-26,MDF Board,South,25,48967,14583
2025-05-27,MDF Board,South,25,48872,9751
2025-05-27,Plywood Premium,North,21,50176,10763
2025-05-28,MDF Board,North,36,70239,16112
2025-05-28,Plywood Premium,North,37,88232,20164
2025-05-29,MDF Board,North,59,114885,26645
2025-05-29,MDF Board,South,14,27261,5142
2025-05-30,Veneer Sheet,North,22,38002,10419
2025-05-30,MDF Board,West,38,73845,14190
2025-05-31,Particle Board,West,27,40726,11930
2025-05-31,Plywood Premium,North,17,40295,7579
2025-06-01,Particle Board,South,26,39136,7528
2025-06-01,Laminate Classic,North,37,59672,13631
2025-06-02,Particle Board,South,35,52574,13136
2025-06-02,Plywood Premium,East,58,136907,31175
2025-06-03,MDF Board,East,19,36617,8861
2025-06-03,MDF Board,West,11,21199,4547
2025-06-04,Laminate Classic,South,31,49679,9800
2025-06-04,MDF Board,North,56,107693,31680
2025-06-05,MDF Board,North,29,55649,14017
2025-06-05,Veneer Sheet,East,56,95520,23536
2025-06-06,Particle Board,South,31,46166,13655
2025-06-06,MDF Board,South,18,34465,9126
2025-06-07,Plywood Premium,East,45,105078,22060
2025-06-07,Laminate Classic,North,13,20697,6076
2025-06-08,Laminate Classic,North,19,30182,7650
2025-06-08,MDF Board,South,57,108657,19645
2025-06-09,Veneer Sheet,South,39,65935,17249
2025-06-09,Veneer Sheet,North,58,98057,22187
2025-06-10,Plywood Premium,North,45,104371,30555
2025-06-10,Laminate Classic,West,18,28464,7992
2025-06-11,Laminate Classic,West,41,64688,13310
2025-06-11,Plywood Premium,South,59,136529,36745
2025-06-12,Laminate Classic,East,30,47223,13682
2025-06-12,Veneer Sheet,East,24,40297,11205
2025-06-13,MDF Board,North,36,67843,12285
2025-06-13,Veneer Sheet,North,52,87107,22344
2025-06-14,Laminate Classic,South,29,45436,9290
2025-06-14,Plywood Premium,North,32,73533,13677
2025-06-15,Veneer Sheet,East,42,70024,14405
2025-06-15,Particle Board,East,57,83154,24059
2025-06-16,MDF Board,North,59,110400,29579
2025-06-16,Laminate Classic,North,20,31186,7839
2025-06-17,Laminate Classic,South,47,73112,16522
2025-06-17,Veneer Sheet,East,22,36504,10017
2025-06-18,MDF Board,South,47,87522,23556
2025-06-18,MDF Board,South,17,31657,5958
2025-06-19,Laminate Classic,North,18,27864,5705
2025-06-19,MDF Board,North,48,89167,18926
2025-06-20,Veneer Sheet,North,46,75771,19698
2025-06-20,MDF Board,North,11,20384,5210
2025-06-21,MDF Board,East,47,86881,20096
2025-06-21,Veneer Sheet,South,52,85443,24979
2025-06-22,Veneer Sheet,South,43,70480,16915
2025-06-22,MDF Board,South,22,40567,8767
2025-06-23,Particle Board,East,33,47210,13750
2025-06-23,Plywood Premium,East,12,26977,6182
2025-06-24,Laminate Classic,North,10,15289,4447
2025-06-24,Particle Board,West,38,54227,10219
2025-06-25,Laminate Classic,West,30,45753,12335
2025-06-25,MDF Board,North,56,102488,26874
2025-06-26,MDF Board,West,14,25557,4624
2025-06-26,Veneer Sheet,West,36,58416,14125
2025-06-27,Plywood Premium,North,33,73442,20175
2025-06-27,Particle Board,West,55,77893,17333
2025-06-28,Laminate Classic,South,48,72650,15097
2025-06-28,Plywood Premium,North,18,39957,7564
2025-06-29,Particle Board,East,48,67633,13747
2025-06-29,Particle Board,South,32,45089,12649
2025-06-30,MDF Board,South,31,56016,12072
2025-06-30,Particle Board,East,22,30919,8243
